sample_name,sex,population,LengthFork1,LengthMEPS,COMMENTSGeneral
OkeAC23BICH_0001,F,BigCreekBroodstock,68,59.5,Genetic_ID_23BR.001
OkeAC23BICH_0002,F,BigCreekBroodstock,61.9,53,Genetic_ID_23BR.002
OkeAC23BICH_0003,F,BigCreekBroodstock,67.9,58,Genetic_ID_23BR.003
OkeAC23BICH_0004,F,BigCreekBroodstock,73.1,63.5,Genetic_ID_23BR.004
OkeAC23BICH_0005,F,BigCreekBroodstock,65.1,55.5,Genetic_ID_23BR.005
OkeAC23BICH_0006,F,BigCreekBroodstock,67.3,58.1,Genetic_ID_23BR.006
OkeAC23BICH_0007,F,BigCreekBroodstock,62.1,54.5,Genetic_ID_23BR.007
OkeAC23BICH_0008,F,BigCreekBroodstock,64.2,56.8,Genetic_ID_23BR.008
OkeAC23BICH_0009,F,BigCreekBroodstock,71.4,62,Genetic_ID_23BR.009
OkeAC23BICH_0010,F,BigCreekBroodstock,69.1,60.4,Genetic_ID_23BR.010
OkeAC23BICH_0011,F,BigCreekBroodstock,68.6,58,Genetic_ID_23BR.011
OkeAC23BICH_0012,F,BigCreekBroodstock,68,57.7,Genetic_ID_23BR.012
OkeAC23BICH_0013,F,BigCreekBroodstock,71.9,61.6,Genetic_ID_23BR.013
OkeAC23BICH_0014,F,BigCreekBroodstock,68.1,59.2,Genetic_ID_23BR.014
OkeAC23BICH_0015,F,BigCreekBroodstock,66.1,58,Genetic_ID_23BR.015
OkeAC23BICH_0016,F,BigCreekBroodstock,67.5,58.8,Genetic_ID_23BR.016
OkeAC23BICH_0017,F,BigCreekBroodstock,64.9,56.2,Genetic_ID_23BR.017
OkeAC23BICH_0018,F,BigCreekBroodstock,63.9,53.5,Genetic_ID_23BR.018
OkeAC23BICH_0019,F,BigCreekBroodstock,68.2,57.7,Genetic_ID_23BR.019
OkeAC23BICH_0020,F,BigCreekBroodstock,72.4,63.2,Genetic_ID_23BR.020
OkeAC23BICH_0021,F,BigCreekBroodstock,62.8,54.7,Genetic_ID_23BR.021
OkeAC23BICH_0022,F,BigCreekBroodstock,68.5,59.2,Genetic_ID_23BR.022
OkeAC23BICH_0023,F,BigCreekBroodstock,70.4,61.1,Genetic_ID_23BR.023
OkeAC23BICH_0024,F,BigCreekBroodstock,68.3,59.4,Genetic_ID_23BR.024
OkeAC23BICH_0025,F,BigCreekBroodstock,73.5,63.1,Genetic_ID_23BR.025
OkeAC23BICH_0026,F,BigCreekBroodstock,67.9,57.5,Genetic_ID_23BR.026
OkeAC23BICH_0027,F,BigCreekBroodstock,71.5,61.9,Genetic_ID_23BR.027
OkeAC23BICH_0028,F,BigCreekBroodstock,68.8,57.2,Genetic_ID_23BR.028
OkeAC23BICH_0029,F,BigCreekBroodstock,70.8,60.3,Genetic_ID_23BR.029
OkeAC23BICH_0030,F,BigCreekBroodstock,73.9,63,Genetic_ID_23BR.030
OkeAC23BICH_0031,F,BigCreekBroodstock,71.2,60.4,Genetic_ID_23BR.031
OkeAC23BICH_0032,F,BigCreekBroodstock,65.5,57.3,Genetic_ID_23BR.032
OkeAC23BICH_0033,F,BigCreekBroodstock,69,59,Genetic_ID_23BR.033
OkeAC23BICH_0034,F,BigCreekBroodstock,70,59.5,Genetic_ID_23BR.034
OkeAC23BICH_0035,F,BigCreekBroodstock,69.8,60.1,Genetic_ID_23BR.035
OkeAC23BICH_0036,F,BigCreekBroodstock,65.4,55.9,Genetic_ID_23BR.036
OkeAC23BICH_0037,F,BigCreekBroodstock,68.4,58.5,Genetic_ID_23BR.037
OkeAC23BICH_0038,F,BigCreekBroodstock,72,62.5,Genetic_ID_23BR.038
OkeAC23BICH_0039,F,BigCreekBroodstock,72,61.5,Genetic_ID_23BR.039
OkeAC23BICH_0040,F,BigCreekBroodstock,68.3,59.9,Genetic_ID_23BR.040
OkeAC23BICH_0041,F,BigCreekBroodstock,72.1,62.6,Genetic_ID_23BR.041
OkeAC23BICH_0042,F,BigCreekBroodstock,70.1,59.8,Genetic_ID_23BR.042
OkeAC23BICH_0043,F,BigCreekBroodstock,70,59.2,Genetic_ID_23BR.043
OkeAC23BICH_0044,F,BigCreekBroodstock,71.1,62.7,Genetic_ID_23BR.044
OkeAC23BICH_0045,F,BigCreekBroodstock,64,54.9,Genetic_ID_23BR.045
OkeAC23BICH_0046,F,BigCreekBroodstock,71.1,60,Genetic_ID_23BR.046
OkeAC23BICH_0047,F,BigCreekBroodstock,63.8,54.7,Genetic_ID_23BR.047
OkeAC23BICH_0048,F,BigCreekBroodstock,69,58.8,Genetic_ID_23BR.048
OkeAC23BICH_0049,F,BigCreekBroodstock,69.9,58.9,Genetic_ID_23BR.049
OkeAC23BICH_0050,F,BigCreekBroodstock,71,60.1,Genetic_ID_23BR.050
OkeAC23BICH_0051,F,BigCreekBroodstock,72.1,61.8,Genetic_ID_23BR.051
OkeAC23BICH_0052,F,BigCreekBroodstock,72,61.6,Genetic_ID_23BR.052
OkeAC23BICH_0053,F,BigCreekBroodstock,73.4,62,Genetic_ID_23BR.053
OkeAC23BICH_0054,F,BigCreekBroodstock,63.8,55.6,Genetic_ID_23BR.054
OkeAC23BICH_0055,F,BigCreekBroodstock,70.5,59.6,Genetic_ID_23BR.055
OkeAC23BICH_0056,F,BigCreekBroodstock,69.1,57.5,Genetic_ID_23BR.056
OkeAC23BICH_0057,F,BigCreekBroodstock,74,63.8,Genetic_ID_23BR.057
OkeAC23BICH_0058,F,BigCreekBroodstock,72.1,59.7,Genetic_ID_23BR.058
OkeAC23BICH_0059,F,BigCreekBroodstock,66.6,57.2,Genetic_ID_23BR.059
OkeAC23BICH_0060,F,BigCreekBroodstock,74,62.9,Genetic_ID_23BR.060
OkeAC23BICH_0061,F,BigCreekBroodstock,67.1,59.3,Genetic_ID_23BR.061
OkeAC23BICH_0062,F,BigCreekBroodstock,68.2,58.8,Genetic_ID_23BR.062
OkeAC23BICH_0063,F,BigCreekBroodstock,72.9,64,Genetic_ID_23BR.063
OkeAC23BICH_0064,F,BigCreekBroodstock,68.8,59.7,Genetic_ID_23BR.064
OkeAC23BICH_0065,F,BigCreekBroodstock,66.2,58,Genetic_ID_23BR.065
OkeAC23BICH_0066,F,BigCreekBroodstock,69.1,59.8,Genetic_ID_23BR.066
OkeAC23BICH_0067,F,BigCreekBroodstock,61.9,53.5,Genetic_ID_23BR.067
OkeAC23BICH_0068,F,BigCreekBroodstock,70.9,60.7,Genetic_ID_23BR.068
OkeAC23BICH_0069,F,BigCreekBroodstock,70.2,61,Genetic_ID_23BR.069
OkeAC23BICH_0070,F,BigCreekBroodstock,72.7,60.9,Genetic_ID_23BR.070
OkeAC23BICH_0071,F,BigCreekBroodstock,72.8,64.3,Genetic_ID_23BR.071
OkeAC23BICH_0072,F,BigCreekBroodstock,70.5,60.2,Genetic_ID_23BR.072
OkeAC23BICH_0073,F,BigCreekBroodstock,63.7,54.2,Genetic_ID_23BR.073
OkeAC23BICH_0074,F,BigCreekBroodstock,67.1,57.7,Genetic_ID_23BR.074
OkeAC23BICH_0075,F,BigCreekBroodstock,70.7,60.1,Genetic_ID_23BR.075
OkeAC23BICH_0076,M,BigCreekBroodstock,72.8,58.8,Genetic_ID_23BR.076
OkeAC23BICH_0077,M,BigCreekBroodstock,72.7,59.9,Genetic_ID_23BR.077
OkeAC23BICH_0078,M,BigCreekBroodstock,73,60.1,Genetic_ID_23BR.078
OkeAC23BICH_0079,M,BigCreekBroodstock,78.3,63.3,Genetic_ID_23BR.079
OkeAC23BICH_0080,M,BigCreekBroodstock,69.7,56.5,Genetic_ID_23BR.080
OkeAC23BICH_0081,M,BigCreekBroodstock,79.1,63.5,Genetic_ID_23BR.081
OkeAC23BICH_0082,M,BigCreekBroodstock,76,62.6,Genetic_ID_23BR.082
OkeAC23BICH_0083,M,BigCreekBroodstock,75.7,61.1,Genetic_ID_23BR.083
OkeAC23BICH_0084,M,BigCreekBroodstock,74,60.2,Genetic_ID_23BR.084
OkeAC23BICH_0085,M,BigCreekBroodstock,77.9,63.7,Genetic_ID_23BR.085
OkeAC23BICH_0086,M,BigCreekBroodstock,73.7,59.9,Genetic_ID_23BR.086
OkeAC23BICH_0087,M,BigCreekBroodstock,74.3,61.3,Genetic_ID_23BR.087
OkeAC23BICH_0088,M,BigCreekBroodstock,73.6,60.1,Genetic_ID_23BR.088
OkeAC23BICH_0089,M,BigCreekBroodstock,72,59.2,Genetic_ID_23BR.089
OkeAC23BICH_0090,M,BigCreekBroodstock,71.1,57.4,Genetic_ID_23BR.090
OkeAC23BICH_0091,M,BigCreekBroodstock,77.3,64.5,Genetic_ID_23BR.091
OkeAC23BICH_0092,M,BigCreekBroodstock,78,64.1,Genetic_ID_23BR.092
OkeAC23BICH_0093,M,BigCreekBroodstock,73.1,60.6,Genetic_ID_23BR.093
OkeAC23BICH_0094,M,BigCreekBroodstock,71.9,59.5,Genetic_ID_23BR.094
OkeAC23BICH_0095,M,BigCreekBroodstock,78.7,64.6,Genetic_ID_23BR.095
OkeAC23BICH_0096,M,BigCreekBroodstock,77.8,63,Genetic_ID_23BR.096
OkeAC23BICH_0097,M,BigCreekBroodstock,72.7,59.5,Genetic_ID_23BR.097
OkeAC23BICH_0098,M,BigCreekBroodstock,78.2,63.7,Genetic_ID_23BR.098
OkeAC23BICH_0099,M,BigCreekBroodstock,66.3,55,Genetic_ID_23BR.099
OkeAC23BICH_0100,M,BigCreekBroodstock,78.5,63.4,Genetic_ID_23BR.100
OkeAC23BICH_0101,M,BigCreekBroodstock,78.5,64.3,Genetic_ID_23BR.101
OkeAC23BICH_0102,M,BigCreekBroodstock,69,59,Genetic_ID_23BR.102
OkeAC23BICH_0103,M,BigCreekBroodstock,77.2,63.6,Genetic_ID_23BR.103
OkeAC23BICH_0104,M,BigCreekBroodstock,76.2,64.9,Genetic_ID_23BR.104
OkeAC23BICH_0105,M,BigCreekBroodstock,88,70.5,Genetic_ID_23BR.105
OkeAC23BICH_0106,M,BigCreekBroodstock,76.5,63.2,Genetic_ID_23BR.106
OkeAC23BICH_0107,M,BigCreekBroodstock,69.1,56.3,Genetic_ID_23BR.107
OkeAC23BICH_0108,M,BigCreekBroodstock,67.8,54.6,Genetic_ID_23BR.108
OkeAC23BICH_0109,M,BigCreekBroodstock,68.2,56,Genetic_ID_23BR.109
OkeAC23BICH_0110,M,BigCreekBroodstock,77.5,62.9,Genetic_ID_23BR.110
OkeAC23BICH_0111,M,BigCreekBroodstock,77.3,62.7,Genetic_ID_23BR.111
OkeAC23BICH_0112,M,BigCreekBroodstock,86.6,70.4,Genetic_ID_23BR.112
OkeAC23BICH_0113,M,BigCreekBroodstock,74.2,59.5,Genetic_ID_23BR.113
OkeAC23BICH_0114,M,BigCreekBroodstock,74.5,60.4,Genetic_ID_23BR.114
OkeAC23BICH_0115,M,BigCreekBroodstock,77.6,62.5,Genetic_ID_23BR.115
OkeAC23BICH_0116,M,BigCreekBroodstock,74.3,59.4,Genetic_ID_23BR.116
OkeAC23BICH_0117,M,BigCreekBroodstock,79.2,64.1,Genetic_ID_23BR.117
OkeAC23BICH_0118,M,BigCreekBroodstock,71.4,58.9,Genetic_ID_23BR.118
OkeAC23BICH_0119,M,BigCreekBroodstock,68.5,57.7,Genetic_ID_23BR.119
OkeAC23BICH_0120,M,BigCreekBroodstock,67,56.1,Genetic_ID_23BR.120
OkeAC23BICH_0121,M,BigCreekBroodstock,76.5,62.9,Genetic_ID_23BR.121
OkeAC23BICH_0122,M,BigCreekBroodstock,72.7,61.1,Genetic_ID_23BR.122
OkeAC23BICH_0123,M,BigCreekBroodstock,72.2,60,Genetic_ID_23BR.123
OkeAC23BICH_0124,M,BigCreekBroodstock,68.1,56.6,Genetic_ID_23BR.124
OkeAC23BICH_0125,M,BigCreekBroodstock,81.1,65.8,Genetic_ID_23BR.125
OkeAC23BICH_0126,M,BigCreekBroodstock,73.4,61.1,Genetic_ID_23BR.126
OkeAC23BICH_0127,M,BigCreekBroodstock,72.5,59.2,Genetic_ID_23BR.127
OkeAC23BICH_0128,M,BigCreekBroodstock,79.9,65.4,Genetic_ID_23BR.128
OkeAC23BICH_0129,M,BigCreekBroodstock,85.5,68.9,Genetic_ID_23BR.129
OkeAC23BICH_0130,M,BigCreekBroodstock,74.5,60.7,Genetic_ID_23BR.130
OkeAC23BICH_0131,M,BigCreekBroodstock,74.4,61,Genetic_ID_23BR.131
OkeAC23BICH_0132,M,BigCreekBroodstock,75.5,62.1,Genetic_ID_23BR.132
OkeAC23BICH_0133,M,BigCreekBroodstock,70.9,58.2,Genetic_ID_23BR.133
OkeAC23BICH_0134,M,BigCreekBroodstock,69.8,57,Genetic_ID_23BR.134
OkeAC23BICH_0135,M,BigCreekBroodstock,74.1,60.7,Genetic_ID_23BR.135
OkeAC23BICH_0136,M,BigCreekBroodstock,71.5,57,Genetic_ID_23BR.136
OkeAC23BICH_0137,M,BigCreekBroodstock,77.4,63.1,Genetic_ID_23BR.137
OkeAC23BICH_0138,M,BigCreekBroodstock,72.5,58.8,Genetic_ID_23BR.138
OkeAC23BICH_0139,M,BigCreekBroodstock,65.7,56.1,Genetic_ID_23BR.139
OkeAC23BICH_0140,M,BigCreekBroodstock,78,63.9,Genetic_ID_23BR.140
OkeAC23BICH_0141,M,BigCreekBroodstock,70.8,60.9,Genetic_ID_23BR.141
OkeAC23BICH_0142,M,BigCreekBroodstock,67.5,54,Genetic_ID_23BR.142
OkeAC23BICH_0143,M,BigCreekBroodstock,73.1,60.5,Genetic_ID_23BR.143
OkeAC23BICH_0144,M,BigCreekBroodstock,75.1,60.8,Genetic_ID_23BR.144
OkeAC23BICH_0145,M,BigCreekBroodstock,70.4,57,Genetic_ID_23BR.145
OkeAC23BICH_0146,M,BigCreekBroodstock,69.9,58,Genetic_ID_23BR.146
OkeAC23BICH_0147,M,BigCreekBroodstock,71.5,58.6,Genetic_ID_23BR.147
OkeAC23BICH_0148,M,BigCreekBroodstock,71,59.7,Genetic_ID_23BR.148
OkeAC23BICH_0149,M,BigCreekBroodstock,71.8,58.4,Genetic_ID_23BR.149
OkeAC23BICH_0150,M,BigCreekBroodstock,74,61.8,Genetic_ID_23BR.150
OkeAC23BICH_0289,F,BigCreekBroodstock,61.2,53.4,Genetic_ID_23BR.289
OkeAC23BICH_0290,F,BigCreekBroodstock,66,57.8,Genetic_ID_23BR.290
OkeAC23BICH_0291,F,BigCreekBroodstock,66.4,59.9,Genetic_ID_23BR.291
OkeAC23BICH_0292,F,BigCreekBroodstock,65.3,56,Genetic_ID_23BR.292
OkeAC23BICH_0293,F,BigCreekBroodstock,58.4,49.9,Genetic_ID_23BR.293
OkeAC23BICH_0294,F,BigCreekBroodstock,62.4,54,Genetic_ID_23BR.294
OkeAC23BICH_0295,F,BigCreekBroodstock,60.2,52.7,Genetic_ID_23BR.295
OkeAC23BICH_0296,F,BigCreekBroodstock,65.3,57.2,Genetic_ID_23BR.296
OkeAC23BICH_0297,F,BigCreekBroodstock,68.5,60.3,Genetic_ID_23BR.297
OkeAC23BICH_0298,F,BigCreekBroodstock,64.4,56.4,Genetic_ID_23BR.298
OkeAC23BICH_0299,F,BigCreekBroodstock,63.5,53.4,Genetic_ID_23BR.299
OkeAC23BICH_0300,F,BigCreekBroodstock,64,56.2,Genetic_ID_23BR.300
OkeAC23BICH_0301,F,BigCreekBroodstock,64.1,55.9,Genetic_ID_23BR.301
OkeAC23BICH_0302,F,BigCreekBroodstock,66.1,57.5,Genetic_ID_23BR.302
OkeAC23BICH_0303,F,BigCreekBroodstock,56,49.9,Genetic_ID_23BR.303
OkeAC23BICH_0304,F,BigCreekBroodstock,65.1,57.4,Genetic_ID_23BR.304
OkeAC23BICH_0305,M,BigCreekBroodstock,67.8,56.1,Genetic_ID_23BR.305
OkeAC23BICH_0306,M,BigCreekBroodstock,73.4,60.5,Genetic_ID_23BR.306
OkeAC23BICH_0307,M,BigCreekBroodstock,62.6,53.4,Genetic_ID_23BR.307
OkeAC23BICH_0308,M,BigCreekBroodstock,71.1,59.6,Genetic_ID_23BR.308
OkeAC23BICH_0309,M,BigCreekBroodstock,72.1,61.6,Genetic_ID_23BR.309
OkeAC23BICH_0310,M,BigCreekBroodstock,80,65.8,Genetic_ID_23BR.310
OkeAC23BICH_0311,M,BigCreekBroodstock,68.2,57.2,Genetic_ID_23BR.311
OkeAC23BICH_0312,M,BigCreekBroodstock,71.2,59.6,Genetic_ID_23BR.312
OkeAC23BICH_0313,M,BigCreekBroodstock,77.1,64.4,Genetic_ID_23BR.313
OkeAC23BICH_0314,M,BigCreekBroodstock,78,64.3,Genetic_ID_23BR.314
OkeAC23BICH_0315,M,BigCreekBroodstock,72.2,60.2,Genetic_ID_23BR.315
OkeAC23BICH_0316,M,BigCreekBroodstock,69.8,56.9,Genetic_ID_23BR.316
OkeAC23BICH_0317,F,BigCreekBroodstock,66.2,56.4,Genetic_ID_23BR.317
OkeAC23BICH_0318,F,BigCreekBroodstock,63,52.5,Genetic_ID_23BR.318
OkeAC23BICH_0319,F,BigCreekBroodstock,71,59.8,Genetic_ID_23BR.319
OkeAC23BICH_0320,F,BigCreekBroodstock,70.4,60.3,Genetic_ID_23BR.320
OkeAC23BICH_0321,F,BigCreekBroodstock,64.1,55.2,Genetic_ID_23BR.321
OkeAC23BICH_0322,F,BigCreekBroodstock,69.8,58.3,Genetic_ID_23BR.322
OkeAC23BICH_0323,F,BigCreekBroodstock,70.9,59.6,Genetic_ID_23BR.323
OkeAC23BICH_0324,F,BigCreekBroodstock,68.2,58.8,Genetic_ID_23BR.324
OkeAC23BICH_0325,F,BigCreekBroodstock,70.9,60.2,Genetic_ID_23BR.325
OkeAC23BICH_0326,F,BigCreekBroodstock,71.8,61.3,Genetic_ID_23BR.326
OkeAC23BICH_0327,F,BigCreekBroodstock,72.7,61.8,Genetic_ID_23BR.327
OkeAC23BICH_0328,F,BigCreekBroodstock,68.6,57.8,Genetic_ID_23BR.328
OkeAC23BICH_0329,F,BigCreekBroodstock,64.2,55,Genetic_ID_23BR.329
OkeAC23BICH_0330,F,BigCreekBroodstock,62.2,52.4,Genetic_ID_23BR.330
OkeAC23BICH_0331,F,BigCreekBroodstock,72,59.7,Genetic_ID_23BR.331
OkeAC23BICH_0332,F,BigCreekBroodstock,69.1,58.7,Genetic_ID_23BR.332
OkeAC23BICH_0333,F,BigCreekBroodstock,70.7,59.9,Genetic_ID_23BR.333
OkeAC23BICH_0334,F,BigCreekBroodstock,74.9,62.4,Genetic_ID_23BR.334
OkeAC23BICH_0335,F,BigCreekBroodstock,65.4,54.9,Genetic_ID_23BR.335
OkeAC23BICH_0336,F,BigCreekBroodstock,71.3,59.5,Genetic_ID_23BR.336
OkeAC23BICH_0337,F,BigCreekBroodstock,67.8,57.3,Genetic_ID_23BR.337
OkeAC23BICH_0338,F,BigCreekBroodstock,65.6,56.3,Genetic_ID_23BR.338
OkeAC23BICH_0339,F,BigCreekBroodstock,69.7,59,Genetic_ID_23BR.339
OkeAC23BICH_0340,F,BigCreekBroodstock,69.5,58.7,Genetic_ID_23BR.340
OkeAC23BICH_0341,F,BigCreekBroodstock,70.2,60.7,Genetic_ID_23BR.341
OkeAC23BICH_0342,F,BigCreekBroodstock,71.3,60.1,Genetic_ID_23BR.342
OkeAC23BICH_0343,F,BigCreekBroodstock,71.4,60.8,Genetic_ID_23BR.343
OkeAC23BICH_0344,F,BigCreekBroodstock,68.4,57.8,Genetic_ID_23BR.344
OkeAC23BICH_0345,F,BigCreekBroodstock,77.2,65.1,Genetic_ID_23BR.345
OkeAC23BICH_0346,F,BigCreekBroodstock,76,64.3,Genetic_ID_23BR.346
OkeAC23BICH_0347,F,BigCreekBroodstock,65.2,55.8,Genetic_ID_23BR.347
OkeAC23BICH_0348,F,BigCreekBroodstock,72.6,61.8,Genetic_ID_23BR.348
OkeAC23BICH_0349,F,BigCreekBroodstock,61,51.9,Genetic_ID_23BR.349
OkeAC23BICH_0350,F,BigCreekBroodstock,62.7,53.8,Genetic_ID_23BR.350
OkeAC23BICH_0351,F,BigCreekBroodstock,70.4,58.8,Genetic_ID_23BR.351
OkeAC23BICH_0352,F,BigCreekBroodstock,66.1,56.3,Genetic_ID_23BR.352
OkeAC23BICH_0353,F,BigCreekBroodstock,70.5,59.3,Genetic_ID_23BR.353
OkeAC23BICH_0354,F,BigCreekBroodstock,68.2,57.7,Genetic_ID_23BR.354
OkeAC23BICH_0355,F,BigCreekBroodstock,67.9,57,Genetic_ID_23BR.355
OkeAC23BICH_0356,F,BigCreekBroodstock,63.3,53.5,Genetic_ID_23BR.356
OkeAC23BICH_0357,F,BigCreekBroodstock,68.2,58.4,Genetic_ID_23BR.357
OkeAC23BICH_0358,F,BigCreekBroodstock,65.4,55.4,Genetic_ID_23BR.358
OkeAC23BICH_0359,F,BigCreekBroodstock,64,54.3,Genetic_ID_23BR.359
OkeAC23BICH_0360,M,BigCreekBroodstock,76,61.4,Genetic_ID_23BR.360
OkeAC23BICH_0361,M,BigCreekBroodstock,71.7,58.8,Genetic_ID_23BR.361
OkeAC23BICH_0362,M,BigCreekBroodstock,66.8,53.9,Genetic_ID_23BR.362
OkeAC23BICH_0363,M,BigCreekBroodstock,76.9,62.2,Genetic_ID_23BR.363
OkeAC23BICH_0364,M,BigCreekBroodstock,70.4,57.6,Genetic_ID_23BR.364
OkeAC23BICH_0365,M,BigCreekBroodstock,75.6,61.7,Genetic_ID_23BR.365
OkeAC23BICH_0366,M,BigCreekBroodstock,70.3,56.9,Genetic_ID_23BR.366
OkeAC23BICH_0367,M,BigCreekBroodstock,78.6,64.8,Genetic_ID_23BR.367
OkeAC23BICH_0368,M,BigCreekBroodstock,78.4,63.1,Genetic_ID_23BR.368
OkeAC23BICH_0369,M,BigCreekBroodstock,69.3,56.2,Genetic_ID_23BR.369
OkeAC23BICH_0370,M,BigCreekBroodstock,83.9,66.8,Genetic_ID_23BR.370
OkeAC23BICH_0371,M,BigCreekBroodstock,69.3,56.5,Genetic_ID_23BR.371
OkeAC23BICH_0372,M,BigCreekBroodstock,71,57.8,Genetic_ID_23BR.372
OkeAC23BICH_0373,M,BigCreekBroodstock,74.9,59.6,Genetic_ID_23BR.373
OkeAC23BICH_0374,M,BigCreekBroodstock,82.4,65.3,Genetic_ID_23BR.374
OkeAC23BICH_0375,M,BigCreekBroodstock,84.9,57.2,Genetic_ID_23BR.375
OkeAC23BICH_0376,M,BigCreekBroodstock,65.4,53.7,Genetic_ID_23BR.376
OkeAC23BICH_0377,M,BigCreekBroodstock,67.8,54.3,Genetic_ID_23BR.377
OkeAC23BICH_0378,M,BigCreekBroodstock,62,50.3,Genetic_ID_23BR.378
OkeAC23BICH_0379,M,BigCreekBroodstock,61.8,51,Genetic_ID_23BR.379
OkeAC23BICH_0380,F,BigCreekBroodstock,66.8,57.6,Genetic_ID_23BR.380
OkeAC23BICH_0381,F,BigCreekBroodstock,62,53.4,Genetic_ID_23BR.381
OkeAC23BICH_0382,F,BigCreekBroodstock,66.3,59.2,Genetic_ID_23BR.382
OkeAC23BICH_0383,F,BigCreekBroodstock,76.5,67.5,Genetic_ID_23BR.383
OkeAC23BICH_0384,F,BigCreekBroodstock,64.7,57.2,Genetic_ID_23BR.384
OkeAC23BICH_0385,F,BigCreekBroodstock,67.1,59.6,Genetic_ID_23BR.385
OkeAC23BICH_0386,F,BigCreekBroodstock,66.7,59.6,Genetic_ID_23BR.386
OkeAC23BICH_0387,F,BigCreekBroodstock,69.2,58.8,Genetic_ID_23BR.387
OkeAC23BICH_0388,F,BigCreekBroodstock,62,55.1,Genetic_ID_23BR.388
OkeAC23BICH_0389,F,BigCreekBroodstock,66.2,56.6,Genetic_ID_23BR.389
OkeAC23BICH_0390,M,BigCreekBroodstock,75.1,62.9,Genetic_ID_23BR.390
OkeAC23BICH_0391,M,BigCreekBroodstock,72.4,60.9,Genetic_ID_23BR.391
OkeAC23BICH_0392,M,BigCreekBroodstock,72.1,61.4,Genetic_ID_23BR.392
OkeAC23BICH_0393,M,BigCreekBroodstock,69.6,60.4,Genetic_ID_23BR.393
OkeAC23PAGC_0209,F,RSI Outplant,60.5,50.8,Genetic_ID_23RSI.209
OkeAC23PAGC_0210,F,RSI Outplant,72.2,60.5,Genetic_ID_23RSI.210
OkeAC23PAGC_0211,F,RSI Outplant,75.8,63.8,Genetic_ID_23RSI.211
OkeAC23PAGC_0212,F,RSI Outplant,69.8,59.7,Genetic_ID_23RSI.212
OkeAC23PAGC_0213,F,RSI Outplant,66.8,55.7,Genetic_ID_23RSI.213
OkeAC23PAGC_0214,F,RSI Outplant,64.3,53.6,Genetic_ID_23RSI.214
OkeAC23PAGC_0215,F,RSI Outplant,72,60,Genetic_ID_23RSI.215
OkeAC23PAGC_0216,F,RSI Outplant,75.4,62.4,Genetic_ID_23RSI.216
OkeAC23PAGC_0217,F,RSI Outplant,67.6,57.5,Genetic_ID_23RSI.217
OkeAC23PAGC_0218,F,RSI Outplant,71.3,60.9,Genetic_ID_23RSI.218
OkeAC23PAGC_0219,F,RSI Outplant,69.6,59,Genetic_ID_23RSI.219
OkeAC23PAGC_0220,F,RSI Outplant,67.9,56.1,Genetic_ID_23RSI.220
OkeAC23PAGC_0221,F,RSI Outplant,64.4,54,Genetic_ID_23RSI.221
OkeAC23PAGC_0222,F,RSI Outplant,71.8,60.7,Genetic_ID_23RSI.222
OkeAC23PAGC_0223,F,RSI Outplant,71.6,59.7,Genetic_ID_23RSI.223
OkeAC23PAGC_0224,F,RSI Outplant,71.9,60.7,Genetic_ID_23RSI.224
OkeAC23PAGC_0225,F,RSI Outplant,70.1,59.6,Genetic_ID_23RSI.225
OkeAC23PAGC_0226,F,RSI Outplant,72,62.7,Genetic_ID_23RSI.226
OkeAC23PAGC_0227,F,RSI Outplant,63.4,54.7,Genetic_ID_23RSI.227
OkeAC23PAGC_0228,F,RSI Outplant,74.6,62.6,Genetic_ID_23RSI.228
OkeAC23PAGC_0229,M,RSI Outplant,68.6,55.4,Genetic_ID_23RSI.229
OkeAC23PAGC_0230,M,RSI Outplant,80.5,65.3,Genetic_ID_23RSI.230
OkeAC23PAGC_0231,M,RSI Outplant,73.6,58.3,Genetic_ID_23RSI.231
OkeAC23PAGC_0232,M,RSI Outplant,77.2,62.4,Genetic_ID_23RSI.232
OkeAC23PAGC_0233,M,RSI Outplant,80.7,64.6,Genetic_ID_23RSI.233
OkeAC23PAGC_0234,M,RSI Outplant,75.6,60.7,Genetic_ID_23RSI.234
OkeAC23PAGC_0235,M,RSI Outplant,80.9,64.6,Genetic_ID_23RSI.235
OkeAC23PAGC_0236,M,RSI Outplant,71.4,57.4,Genetic_ID_23RSI.236
OkeAC23PAGC_0237,M,RSI Outplant,75.7,60.9,Genetic_ID_23RSI.237
OkeAC23PAGC_0238,M,RSI Outplant,80,63.8,Genetic_ID_23RSI.238
OkeAC23PAGC_0239,M,RSI Outplant,75.8,61.3,Genetic_ID_23RSI.239
OkeAC23PAGC_0240,M,RSI Outplant,77.6,61.8,Genetic_ID_23RSI.240
OkeAC23PAGC_0241,M,RSI Outplant,67.1,55.8,Genetic_ID_23RSI.241
OkeAC23PAGC_0242,M,RSI Outplant,75.5,61.3,Genetic_ID_23RSI.242
OkeAC23PAGC_0243,M,RSI Outplant,73.1,58.7,Genetic_ID_23RSI.243
OkeAC23PAGC_0244,M,RSI Outplant,89.5,70.8,Genetic_ID_23RSI.244
OkeAC23PAGC_0245,M,RSI Outplant,73.2,58.6,Genetic_ID_23RSI.245
OkeAC23PAGC_0246,M,RSI Outplant,70.7,57.8,Genetic_ID_23RSI.246
OkeAC23PAGC_0247,M,RSI Outplant,79.8,64.5,Genetic_ID_23RSI.247
OkeAC23PAGC_0248,M,RSI Outplant,68.6,56.4,Genetic_ID_23RSI.248
OkeAC23GNCR_0207,M,Outplant,73.6,NA,Genetic_ID_23OUT.207
OkeAC23GNCR_0208,F,Outplant,65,NA,Genetic_ID_23OUT.208
OkeAC23GNCR_0210,F,Outplant,59,NA,Genetic_ID_23OUT.210
OkeAC23GNCR_0211,F,Outplant,64.5,NA,Genetic_ID_23OUT.211
OkeAC23GNCR_0212,F,Outplant,64.2,NA,Genetic_ID_23OUT.212
OkeAC23GNCR_0213,F,Outplant,62.8,NA,Genetic_ID_23OUT.213
OkeAC23GNCR_0214,F,Outplant,63.6,NA,Genetic_ID_23OUT.214
OkeAC23GNCR_0215,F,Outplant,66.5,NA,Genetic_ID_23OUT.215
OkeAC23GNCR_0216,M,Outplant,66.8,NA,Genetic_ID_23OUT.216
OkeAC23GNCR_0218,F,Outplant,58.8,NA,Genetic_ID_23OUT.218
OkeAC23GNCR_0219,M,Outplant,70.8,NA,Genetic_ID_23OUT.219
OkeAC23GNCR_0220,F,Outplant,63.6,NA,Genetic_ID_23OUT.220
OkeAC23GNCR_0221,F,Outplant,69.8,NA,Genetic_ID_23OUT.221
OkeAC23GNCR_0222,M,Outplant,70.4,NA,Genetic_ID_23OUT.222
OkeAC23GNCR_0223,F,Outplant,69.9,NA,Genetic_ID_23OUT.223
OkeAC23GNCR_0224,F,Outplant,62.7,NA,Genetic_ID_23OUT.224
OkeAC23GNCR_0225,F,Outplant,69.4,NA,Genetic_ID_23OUT.225
OkeAC23GNCR_0226,F,Outplant,70.4,NA,Genetic_ID_23OUT.226
OkeAC23GNCR_0227,F,Outplant,67,NA,Genetic_ID_23OUT.227
OkeAC23GNCR_0228,F,Outplant,63.8,NA,Genetic_ID_23OUT.228
OkeAC23GNCR_0229,M,Outplant,70,NA,Genetic_ID_23OUT.229
OkeAC23GNCR_0230,M,Outplant,72,NA,Genetic_ID_23OUT.230
OkeAC23GNCR_0231,M,Outplant,64.2,NA,Genetic_ID_23OUT.231
OkeAC23GNCR_0232,M,Outplant,66.5,NA,Genetic_ID_23OUT.232
OkeAC23GNCR_0233,M,Outplant,72.9,NA,Genetic_ID_23OUT.233
OkeAC23GNCR_0235,M,Outplant,63.9,NA,Genetic_ID_23OUT.235
OkeAC23GNCR_0236,M,Outplant,76.8,NA,Genetic_ID_23OUT.236
OkeAC23GNCR_0349,F,Outplant,64.8,NA,Genetic_ID_23OUT.349
OkeAC23GNCR_0350,F,Outplant,66.8,NA,Genetic_ID_23OUT.350
OkeAC23GNCR_0351,F,Outplant,61.7,NA,Genetic_ID_23OUT.351
OkeAC23GNCR_0353,F,Outplant,66.2,NA,Genetic_ID_23OUT.353
OkeAC23GNCR_0354,F,Outplant,66.5,NA,Genetic_ID_23OUT.354
OkeAC23GNCR_0356,F,Outplant,62.1,NA,Genetic_ID_23OUT.356
OkeAC23PAGC_0151,F,Unfed Fry Outplant,72.9,63.3,Genetic_ID_23UF.151
OkeAC23PAGC_0152,F,Unfed Fry Outplant,70.3,62,Genetic_ID_23UF.152
OkeAC23PAGC_0153,F,Unfed Fry Outplant,70.6,61,Genetic_ID_23UF.153
OkeAC23PAGC_0154,F,Unfed Fry Outplant,70.3,60.9,Genetic_ID_23UF.154
OkeAC23PAGC_0155,F,Unfed Fry Outplant,66.4,59.2,Genetic_ID_23UF.155
OkeAC23PAGC_0156,F,Unfed Fry Outplant,68.7,59,Genetic_ID_23UF.156
OkeAC23PAGC_0157,F,Unfed Fry Outplant,65.3,56.8,Genetic_ID_23UF.157
OkeAC23PAGC_0158,F,Unfed Fry Outplant,70,59.2,Genetic_ID_23UF.158
OkeAC23PAGC_0159,F,Unfed Fry Outplant,72,61.8,Genetic_ID_23UF.159
OkeAC23PAGC_0160,F,Unfed Fry Outplant,65.3,57.3,Genetic_ID_23UF.160
OkeAC23PAGC_0161,F,Unfed Fry Outplant,63.5,54.8,Genetic_ID_23UF.161
OkeAC23PAGC_0162,F,Unfed Fry Outplant,68.8,59.3,Genetic_ID_23UF.162
OkeAC23PAGC_0163,F,Unfed Fry Outplant,64.4,55.6,Genetic_ID_23UF.163
OkeAC23PAGC_0164,F,Unfed Fry Outplant,67.7,58.6,Genetic_ID_23UF.164
OkeAC23PAGC_0165,F,Unfed Fry Outplant,63.5,54.5,Genetic_ID_23UF.165
OkeAC23PAGC_0166,F,Unfed Fry Outplant,63.3,53.7,Genetic_ID_23UF.166
OkeAC23PAGC_0167,F,Unfed Fry Outplant,63.4,54.6,Genetic_ID_23UF.167
OkeAC23PAGC_0168,F,Unfed Fry Outplant,70.5,61.6,Genetic_ID_23UF.168
OkeAC23PAGC_0169,F,Unfed Fry Outplant,69,59.3,Genetic_ID_23UF.169
OkeAC23PAGC_0170,F,Unfed Fry Outplant,70.6,61.1,Genetic_ID_23UF.170
OkeAC23PAGC_0171,F,Unfed Fry Outplant,65,57.2,Genetic_ID_23UF.171
OkeAC23PAGC_0172,F,Unfed Fry Outplant,67.7,60.3,Genetic_ID_23UF.172
OkeAC23PAGC_0173,F,Unfed Fry Outplant,70.4,60.6,Genetic_ID_23UF.173
OkeAC23PAGC_0174,F,Unfed Fry Outplant,64.8,56,Genetic_ID_23UF.174
OkeAC23PAGC_0175,F,Unfed Fry Outplant,65.3,57.1,Genetic_ID_23UF.175
OkeAC23PAGC_0176,F,Unfed Fry Outplant,63.6,55.8,Genetic_ID_23UF.176
OkeAC23PAGC_0177,F,Unfed Fry Outplant,70.2,60.3,Genetic_ID_23UF.177
OkeAC23PAGC_0178,F,Unfed Fry Outplant,64,54.7,Genetic_ID_23UF.178
OkeAC23PAGC_0179,F,Unfed Fry Outplant,69.4,60.3,Genetic_ID_23UF.179
OkeAC23PAGC_0180,F,Unfed Fry Outplant,69,59.3,Genetic_ID_23UF.180
OkeAC23PAGC_0181,F,Unfed Fry Outplant,67.2,58.3,Genetic_ID_23UF.181
OkeAC23PAGC_0182,F,Unfed Fry Outplant,61.8,55.2,Genetic_ID_23UF.182
OkeAC23PAGC_0183,M,Unfed Fry Outplant,74.3,61.6,Genetic_ID_23UF.183
OkeAC23PAGC_0184,M,Unfed Fry Outplant,67.8,54.5,Genetic_ID_23UF.184
OkeAC23PAGC_0185,M,Unfed Fry Outplant,72.5,58.8,Genetic_ID_23UF.185
OkeAC23PAGC_0186,M,Unfed Fry Outplant,74.2,60.5,Genetic_ID_23UF.186
OkeAC23PAGC_0187,M,Unfed Fry Outplant,70.6,56.6,Genetic_ID_23UF.187
OkeAC23PAGC_0188,M,Unfed Fry Outplant,75.4,62.6,Genetic_ID_23UF.188
OkeAC23PAGC_0189,M,Unfed Fry Outplant,72.2,61,Genetic_ID_23UF.189
OkeAC23PAGC_0190,M,Unfed Fry Outplant,64,53.4,Genetic_ID_23UF.190
OkeAC23PAGC_0191,M,Unfed Fry Outplant,68.7,56.8,Genetic_ID_23UF.191
OkeAC23PAGC_0192,M,Unfed Fry Outplant,64.5,53.8,Genetic_ID_23UF.192
OkeAC23PAGC_0193,M,Unfed Fry Outplant,71.8,58.7,Genetic_ID_23UF.193
OkeAC23PAGC_0194,M,Unfed Fry Outplant,68,56.4,Genetic_ID_23UF.194
OkeAC23PAGC_0195,M,Unfed Fry Outplant,70.3,58.6,Genetic_ID_23UF.195
OkeAC23PAGC_0196,M,Unfed Fry Outplant,76.2,64.2,Genetic_ID_23UF.196
OkeAC23PAGC_0197,M,Unfed Fry Outplant,70.4,58.7,Genetic_ID_23UF.197
OkeAC23PAGC_0198,M,Unfed Fry Outplant,68.6,57.1,Genetic_ID_23UF.198
OkeAC23PAGC_0199,M,Unfed Fry Outplant,68.4,57.3,Genetic_ID_23UF.199
OkeAC23PAGC_0200,M,Unfed Fry Outplant,68.8,58,Genetic_ID_23UF.200
OkeAC23PAGC_0201,M,Unfed Fry Outplant,69.3,58.1,Genetic_ID_23UF.201
OkeAC23PAGC_0202,M,Unfed Fry Outplant,77.7,65.7,Genetic_ID_23UF.202
OkeAC23PAGC_0203,M,Unfed Fry Outplant,66.5,55.2,Genetic_ID_23UF.203
OkeAC23PAGC_0204,M,Unfed Fry Outplant,76.7,62.1,Genetic_ID_23UF.204
OkeAC23PAGC_0205,M,Unfed Fry Outplant,70.4,57.4,Genetic_ID_23UF.205
OkeAC23PAGC_0206,M,Unfed Fry Outplant,76,62,Genetic_ID_23UF.206
OkeAC23PAGC_0207,M,Unfed Fry Outplant,69,57.4,Genetic_ID_23UF.207
OkeAC23PAGC_0208,M,Unfed Fry Outplant,70.1,60.3,Genetic_ID_23UF.208
OkeAC23CARC_0249,F,Unfed Fry Outplant,67.8,56.4,Genetic_ID_23UF.249
OkeAC23CARC_0250,F,Unfed Fry Outplant,73.9,62.7,Genetic_ID_23UF.250
OkeAC23CARC_0251,F,Unfed Fry Outplant,79.9,66.8,Genetic_ID_23UF.251
OkeAC23CARC_0252,F,Unfed Fry Outplant,68.6,57.2,Genetic_ID_23UF.252
OkeAC23CARC_0253,F,Unfed Fry Outplant,75.5,62.8,Genetic_ID_23UF.253
OkeAC23CARC_0254,F,Unfed Fry Outplant,64.6,55.2,Genetic_ID_23UF.254
OkeAC23CARC_0255,F,Unfed Fry Outplant,64.4,53.4,Genetic_ID_23UF.255
OkeAC23CARC_0256,F,Unfed Fry Outplant,71.4,60.5,Genetic_ID_23UF.256
OkeAC23CARC_0257,F,Unfed Fry Outplant,66.3,55.5,Genetic_ID_23UF.257
OkeAC23CARC_0258,F,Unfed Fry Outplant,74.6,62.3,Genetic_ID_23UF.258
OkeAC23CARC_0259,F,Unfed Fry Outplant,72,58.8,Genetic_ID_23UF.259
OkeAC23CARC_0260,F,Unfed Fry Outplant,65.8,55.4,Genetic_ID_23UF.260
OkeAC23CARC_0261,F,Unfed Fry Outplant,71.1,59.2,Genetic_ID_23UF.261
OkeAC23CARC_0262,F,Unfed Fry Outplant,69.9,58.2,Genetic_ID_23UF.262
OkeAC23CARC_0263,F,Unfed Fry Outplant,69.3,58.4,Genetic_ID_23UF.263
OkeAC23CARC_0264,F,Unfed Fry Outplant,73.7,61.6,Genetic_ID_23UF.264
OkeAC23CARC_0265,F,Unfed Fry Outplant,61.5,51.4,Genetic_ID_23UF.265
OkeAC23CARC_0266,F,Unfed Fry Outplant,72.6,61.1,Genetic_ID_23UF.266
OkeAC23CARC_0267,F,Unfed Fry Outplant,70.1,58.7,Genetic_ID_23UF.267
OkeAC23CARC_0268,F,Unfed Fry Outplant,69.5,59.5,Genetic_ID_23UF.268
OkeAC23CARC_0269,M,Unfed Fry Outplant,76.8,61.6,Genetic_ID_23UF.269
OkeAC23CARC_0270,M,Unfed Fry Outplant,80.2,63.8,Genetic_ID_23UF.270
OkeAC23CARC_0271,M,Unfed Fry Outplant,83.7,66.8,Genetic_ID_23UF.271
OkeAC23CARC_0272,M,Unfed Fry Outplant,80,63.7,Genetic_ID_23UF.272
OkeAC23CARC_0273,M,Unfed Fry Outplant,69.1,56.4,Genetic_ID_23UF.273
OkeAC23CARC_0274,M,Unfed Fry Outplant,75.6,61,Genetic_ID_23UF.274
OkeAC23CARC_0275,M,Unfed Fry Outplant,74.8,59.5,Genetic_ID_23UF.275
OkeAC23CARC_0276,M,Unfed Fry Outplant,80.4,64,Genetic_ID_23UF.276
OkeAC23CARC_0277,M,Unfed Fry Outplant,75.8,61.1,Genetic_ID_23UF.277
OkeAC23CARC_0278,M,Unfed Fry Outplant,73.5,59.3,Genetic_ID_23UF.278
OkeAC23CARC_0279,M,Unfed Fry Outplant,81.9,65.7,Genetic_ID_23UF.279
OkeAC23CARC_0280,M,Unfed Fry Outplant,76.5,61.2,Genetic_ID_23UF.280
OkeAC23CARC_0281,M,Unfed Fry Outplant,73,58.7,Genetic_ID_23UF.281
OkeAC23CARC_0282,M,Unfed Fry Outplant,80.3,64.2,Genetic_ID_23UF.282
OkeAC23CARC_0283,M,Unfed Fry Outplant,67.6,55.2,Genetic_ID_23UF.283
OkeAC23CARC_0284,M,Unfed Fry Outplant,73.7,59.3,Genetic_ID_23UF.284
OkeAC23CARC_0285,M,Unfed Fry Outplant,74.1,59.1,Genetic_ID_23UF.285
OkeAC23CARC_0286,M,Unfed Fry Outplant,69.8,57.6,Genetic_ID_23UF.286
OkeAC23CARC_0287,M,Unfed Fry Outplant,71.6,57.3,Genetic_ID_23UF.287
OkeAC23CARC_0288,M,Unfed Fry Outplant,67.9,54.9,Genetic_ID_23UF.288
OkeCC23PLYC_0001,M,SpawnerSurvey,NA,63,Genetic_ID_SGS.G23.0077
OkeCC23COLR_0034,F,SpawnerSurvey,NA,62.5,Genetic_ID_SGS.G23.0078
OkeJC23CLTR_0001,NA,Outmigrant,38,NA,22ME-001
OkeJC23CLTR_0002,NA,Outmigrant,36,NA,22ME-002
OkeJC23CLTR_0003,NA,Outmigrant,40,NA,22ME-003
OkeJC23CLTR_0004,NA,Outmigrant,38,NA,22ME-004
OkeJC23CLTR_0005,NA,Outmigrant,40,NA,22ME-005
OkeJC23CLTR_0006,NA,Outmigrant,37,NA,22ME-006
OkeJC23CLTR_0007,NA,Outmigrant,40,NA,22ME-007
OkeJC23CLTR_0008,NA,Outmigrant,41,NA,22ME-008
OkeJC23CLTR_0009,NA,Outmigrant,38,NA,22ME-009
OkeJC23CLTR_0010,NA,Outmigrant,39,NA,22ME-010
OkeJC23CLTR_0011,NA,Outmigrant,41,NA,22ME-011
OkeJC23CLTR_0012,NA,Outmigrant,38,NA,22ME-012
OkeJC23CLTR_0013,NA,Outmigrant,41,NA,22ME-013
OkeJC23CLTR_0014,NA,Outmigrant,41,NA,22ME-014
OkeJC23CLTR_0015,NA,Outmigrant,39,NA,22ME-015
OkeJC23CLTR_0016,NA,Outmigrant,42,NA,22ME-016
OkeJC23CLTR_0017,NA,Outmigrant,41,NA,22ME-017
OkeJC23CLTR_0018,NA,Outmigrant,43,NA,22ME-018
OkeJC23CLTR_0019,NA,Outmigrant,40,NA,22ME-019
OkeJC23CLTR_0020,NA,Outmigrant,41,NA,22ME-020
OkeJC23CLTR_0021,NA,Outmigrant,43,NA,22ME-021
OkeJC23CLTR_0022,NA,Outmigrant,41,NA,22ME-022
OkeJC23CLTR_0023,NA,Outmigrant,41,NA,22ME-023
OkeJC23CLTR_0024,NA,Outmigrant,40,NA,22ME-024
OkeJC23CLTR_0025,NA,Outmigrant,36,NA,22ME-025
OkeJC23CLTR_0026,NA,Outmigrant,41,NA,22ME-026
OkeJC23CLTR_0027,NA,Outmigrant,41,NA,22ME-027
OkeJC23CLTR_0028,NA,Outmigrant,40,NA,22ME-028
OkeJC23CLTR_0029,NA,Outmigrant,39,NA,22ME-029
OkeJC23CLTR_0030,NA,Outmigrant,38,NA,22ME-030
OkeJC23CLTR_0031,NA,Outmigrant,39,NA,22ME-031
OkeJC23CLTR_0032,NA,Outmigrant,38,NA,22ME-032
OkeJC23CLTR_0033,NA,Outmigrant,38,NA,22ME-033
OkeJC23CLTR_0034,NA,Outmigrant,37,NA,22ME-034
OkeJC23CLTR_0035,NA,Outmigrant,39,NA,22ME-035
OkeJC23CLTR_0036,NA,Outmigrant,40,NA,22ME-036
OkeJC23CLTR_0037,NA,Outmigrant,41,NA,22ME-037
OkeJC23CLTR_0038,NA,Outmigrant,37,NA,22ME-038
OkeJC23CLTR_0039,NA,Outmigrant,40,NA,22ME-039
OkeJC23CLTR_0040,NA,Outmigrant,40,NA,22ME-040
OkeJC23CLTR_0041,NA,Outmigrant,40,NA,22ME-041
OkeJC23CLTR_0042,NA,Outmigrant,39,NA,22ME-042
OkeJC23CLTR_0043,NA,Outmigrant,40,NA,22ME-043
OkeJC23CLTR_0044,NA,Outmigrant,38,NA,22ME-044
OkeJC23CLTR_0045,NA,Outmigrant,41,NA,22ME-045
OkeJC23CLTR_0046,NA,Outmigrant,40,NA,22ME-046
OkeJC23CLTR_0047,NA,Outmigrant,36,NA,22ME-047
OkeJC23CLTR_0048,NA,Outmigrant,37,NA,22ME-048
OkeJC23CLTR_0049,NA,Outmigrant,41,NA,22ME-049
OkeJC23CLTR_0050,NA,Outmigrant,39,NA,22ME-050
OkeJC23CLTR_0051,NA,Outmigrant,41,NA,22ME-051
OkeJC23CLTR_0052,NA,Outmigrant,39,NA,22ME-052
OkeJC23CLTR_0053,NA,Outmigrant,42,NA,22ME-053
OkeJC23CLTR_0054,NA,Outmigrant,40,NA,22ME-054
OkeJC23CLTR_0055,NA,Outmigrant,39,NA,22ME-055
OkeJC23CLTR_0056,NA,Outmigrant,43,NA,22ME-056
OkeJC23CLTR_0057,NA,Outmigrant,41,NA,22ME-057
OkeJC23CLTR_0058,NA,Outmigrant,39,NA,22ME-058
OkeJC23CLTR_0059,NA,Outmigrant,40,NA,22ME-059
OkeJC23CLTR_0060,NA,Outmigrant,40,NA,22ME-060
OkeJC23CLTR_0061,NA,Outmigrant,42,NA,22ME-061
OkeJC23CLTR_0062,NA,Outmigrant,43,NA,22ME-062
OkeJC23CLTR_0063,NA,Outmigrant,43,NA,22ME-063
OkeJC23CLTR_0064,NA,Outmigrant,43,NA,22ME-064
OkeJC23CLTR_0065,NA,Outmigrant,41,NA,22ME-065
OkeJC23CLTR_0066,NA,Outmigrant,42,NA,22ME-066
OkeJC23CLTR_0067,NA,Outmigrant,44,NA,22ME-067
OkeJC23CLTR_0068,NA,Outmigrant,45,NA,22ME-068
OkeJC23CLTR_0069,NA,Outmigrant,42,NA,22ME-069
OkeJC23CLTR_0070,NA,Outmigrant,43,NA,22ME-070
OkeJC23CLTR_0071,NA,Outmigrant,40,NA,22ME-071
OkeJC23CLTR_0072,NA,Outmigrant,40,NA,22ME-072
OkeJC23CLTR_0073,NA,Outmigrant,42,NA,22ME-073
OkeJC23CLTR_0074,NA,Outmigrant,42,NA,22ME-074
OkeJC23CLTR_0075,NA,Outmigrant,41,NA,22ME-075
OkeJC23CLTR_0076,NA,Outmigrant,43,NA,22ME-076
OkeJC23CLTR_0077,NA,Outmigrant,41,NA,22ME-077
OkeJC23CLTR_0078,NA,Outmigrant,43,NA,22ME-078
OkeJC23CLTR_0079,NA,Outmigrant,39,NA,22ME-079
OkeJC23CLTR_0080,NA,Outmigrant,42,NA,22ME-080
OkeJC23CLTR_0081,NA,Outmigrant,44,NA,22ME-081
OkeJC23CLTR_0082,NA,Outmigrant,43,NA,22ME-082
OkeJC23CLTR_0083,NA,Outmigrant,40,NA,22ME-083
OkeJC23CLTR_0084,NA,Outmigrant,41,NA,22ME-084
OkeJC23CLTR_0085,NA,Outmigrant,44,NA,22ME-085
OkeJC23CLTR_0086,NA,Outmigrant,43,NA,22ME-086
OkeJC23CLTR_0087,NA,Outmigrant,43,NA,22ME-087
OkeJC23CLTR_0088,NA,Outmigrant,42,NA,22ME-088
OkeJC23CLTR_0089,NA,Outmigrant,43,NA,22ME-089
OkeJC23CLTR_0090,NA,Outmigrant,44,NA,22ME-090
OkeJC23CLTR_0091,NA,Outmigrant,42,NA,22ME-091
OkeJC23CLTR_0092,NA,Outmigrant,43,NA,22ME-092
OkeJC23CLTR_0093,NA,Outmigrant,43,NA,22ME-093
OkeJC23CLTR_0094,NA,Outmigrant,44,NA,22ME-094
OkeJC23CLTR_0095,NA,Outmigrant,42,NA,22ME-095
OkeJC23CLTR_0096,NA,Outmigrant,45,NA,22ME-096
OkeJC23CLTR_0097,NA,Outmigrant,44,NA,22ME-097
OkeJC23CLTR_0098,NA,Outmigrant,45,NA,22ME-098
OkeJC23CLTR_0099,NA,Outmigrant,44,NA,22ME-099
OkeJC23CLTR_0100,NA,Outmigrant,44,NA,22ME-100
OkeJC23CLTR_0101,NA,Outmigrant,42,NA,22ME-101
OkeJC23CLTR_0102,NA,Outmigrant,43,NA,22ME-102
OkeJC23CLTR_0103,NA,Outmigrant,43,NA,22ME-103
OkeJC23CLTR_0104,NA,Outmigrant,44,NA,22ME-104
OkeJC23CLTR_0105,NA,Outmigrant,45,NA,22ME-105
OkeJC23CLTR_0106,NA,Outmigrant,40,NA,22ME-106
OkeJC23CLTR_0107,NA,Outmigrant,40,NA,22ME-107
OkeJC23CLTR_0108,NA,Outmigrant,40,NA,22ME-108
OkeJC23CLTR_0109,NA,Outmigrant,41,NA,22ME-109
OkeJC23CLTR_0110,NA,Outmigrant,40,NA,22ME-110
OkeJC23CLTR_0111,NA,Outmigrant,40,NA,22ME-111
OkeJC23CLTR_0112,NA,Outmigrant,41,NA,22ME-112
OkeJC23CLTR_0113,NA,Outmigrant,41,NA,22ME-113
OkeJC23CLTR_0114,NA,Outmigrant,38,NA,22ME-114
OkeJC23CLTR_0115,NA,Outmigrant,39,NA,22ME-115
OkeJC23CLTR_0116,NA,Outmigrant,41,NA,22ME-116
OkeJC23CLTR_0117,NA,Outmigrant,39,NA,22ME-117
OkeJC23CLTR_0118,NA,Outmigrant,42,NA,22ME-118
OkeJC23CLTR_0119,NA,Outmigrant,38,NA,22ME-119
OkeJC23CLTR_0120,NA,Outmigrant,41,NA,22ME-120
OkeJC23CLTR_0121,NA,Outmigrant,41,NA,22ME-121
OkeJC23CLTR_0122,NA,Outmigrant,39,NA,22ME-122
OkeJC23CLTR_0123,NA,Outmigrant,39,NA,22ME-123
OkeJC23CLTR_0124,NA,Outmigrant,41,NA,22ME-124
OkeJC23CLTR_0125,NA,Outmigrant,39,NA,22ME-125
OkeJC23CLTR_0126,NA,Outmigrant,38,NA,22ME-126
OkeJC23CLTR_0127,NA,Outmigrant,40,NA,22ME-127
